{
  "init_name": "standard",
  "final_ppl": 2646.8132434574427,
  "elapsed": 519.7630801200867,
  "n_params": 123849984,
  "checkpoints": {
    "100": 54377.188612678794,
    "200": 2646.8132434574427
  },
  "loss_samples": [
    11.03078031539917,
    8.60298466682434,
    10.893036365509033,
    8.026970982551575
  ]
}