{
  "init_name": "orthogonal",
  "final_ppl": 1970.8084939276355,
  "elapsed": 621.1520578861237,
  "n_params": 123849984,
  "checkpoints": {
    "100": 2726.05456381198,
    "200": 1970.8084939276355
  },
  "loss_samples": [
    10.831997156143188,
    10.098386764526367,
    7.9718345403671265,
    7.441411733627319
  ]
}