{
  "init_name": "imt_flat",
  "final_ppl": 1501.639323428762,
  "elapsed": 203.42446494102478,
  "n_params": 123849984,
  "checkpoints": {
    "100": 1516.9061762203992
  },
  "loss_samples": [
    11.010119199752808,
    8.624328374862671,
    7.452206611633301
  ]
}