{
  "init_name": "xavier",
  "final_ppl": 18494.28610107413,
  "elapsed": 499.1978690624237,
  "n_params": 123849984,
  "checkpoints": {
    "100": 38085.38776044034,
    "200": 18494.28610107413
  },
  "loss_samples": [
    10.850746393203735,
    9.34339714050293,
    10.54878830909729,
    10.493135690689087
  ]
}