{
  "init_name": "imt_flat",
  "final_ppl": 1910.6165857675644,
  "elapsed": 375.0905840396881,
  "checkpoints": {
    "100": 1967.5763704531635
  },
  "loss_samples": [
    10.964815855026245,
    10.954471349716187,
    10.814568281173706,
    10.59980034828186,
    10.341117858886719,
    10.106425285339355,
    9.97735071182251,
    9.787806034088135,
    9.813251256942749,
    9.60865592956543,
    9.612870931625366,
    9.356257677078247,
    9.416327953338623,
    9.258790969848633,
    9.360772371292114,
    9.292010068893433,
    9.20669937133789,
    9.199889898300171,
    8.875539302825928,
    8.899330854415894,
    8.934387683868408,
    8.74449372291565,
    8.723439931869507,
    8.55382227897644,
    8.513820171356201,
    8.351423740386963,
    8.199556827545166,
    8.274691820144653,
    8.192245125770569,
    7.875390410423279,
    7.768054246902466,
    7.822356224060059,
    7.624841809272766,
    7.761438488960266
  ]
}