{
  "init_name": "orthogonal",
  "final_ppl": 26672.013356082894,
  "elapsed": 350.21822595596313,
  "checkpoints": {
    "100": 26804.69557874628
  },
  "loss_samples": [
    10.845571994781494,
    10.844369888305664,
    10.84986162185669,
    10.850141286849976,
    10.84187388420105,
    10.83578372001648,
    10.82837700843811,
    10.828086376190186,
    10.812666177749634,
    10.7806875705719,
    10.757023096084595,
    10.734805345535278,
    10.702532052993774,
    10.670212268829346,
    10.640713214874268,
    10.569876909255981,
    10.527613401412964,
    10.435449123382568,
    10.404786109924316,
    10.418549299240112,
    10.418555736541748,
    10.374451637268066,
    10.330623626708984,
    10.333376169204712,
    10.331917524337769,
    10.300911664962769,
    10.309971809387207,
    10.278290748596191,
    10.266141891479492,
    10.244964838027954,
    10.23807168006897,
    10.234455823898315,
    10.220088005065918,
    10.184805154800415
  ]
}