{
  "2": {
    "attention": {
      "mse": 0.07985801889278495,
      "corr": 0.4818038845217078,
      "max_err": 0.9732990747504952,
      "coeffs": [
        -1.627402925229938,
        1.3542387875812696
      ]
    },
    "ffn_up": {
      "mse": 0.0693363549786,
      "corr": 0.14382193625687117,
      "max_err": 0.985385833385711,
      "coeffs": [
        -1.814508551586061,
        1.14598827125771
      ]
    },
    "ffn_down": {
      "mse": 0.06706845143493913,
      "corr": 0.05528230686563979,
      "max_err": 0.9869225883545975,
      "coeffs": [
        -1.9383569416860458,
        1.1550781705579405
      ]
    },
    "embedding": {
      "mse": 0.0411840653289242,
      "corr": -0.09763581092644334,
      "max_err": 0.9997907250872231,
      "coeffs": [
        -4.328706245975631,
        1.914449391890013
      ]
    }
  },
  "4": {
    "attention": {
      "mse": 0.04458899755381296,
      "corr": 0.6792566835566383,
      "max_err": 0.9732990747504952,
      "coeffs": [
        -1.6273853669405014,
        1.354256345870705,
        -0.6031560518460134,
        0.5896361689805986
      ]
    },
    "ffn_up": {
      "mse": 0.039328446995218536,
      "corr": 0.38359559079610556,
      "max_err": 0.985385833385711,
      "coeffs": [
        -1.8144960114049546,
        1.1460008114388154,
        -0.5150878775257679,
        0.5054319380744556
      ]
    },
    "ffn_down": {
      "mse": 0.037388114053319384,
      "corr": 0.28940418069952556,
      "max_err": 0.9869225883545975,
      "coeffs": [
        -1.9383218901559371,
        1.1551132220880478,
        -0.5382274462710968,
        0.5112377680881285
      ]
    },
    "embedding": {
      "mse": 0.021553743540461735,
      "corr": -0.048969605211324076,
      "max_err": 0.9997907250872231,
      "coeffs": [
        -4.328659034177698,
        1.9144966036879452,
        -0.9048074511855301,
        0.8684543667777267
      ]
    }
  },
  "8": {
    "attention": {
      "mse": 0.030417161819972255,
      "corr": 0.8319453727650605,
      "max_err": 0.9732990747504952,
      "coeffs": [
        -1.6274372988888444,
        1.354204413922363,
        -0.6032079837943555,
        0.5895842370322564,
        -0.36068841239476157,
        0.37760149089701905,
        -0.25639918311039556,
        0.27957756872835826
      ]
    },
    "ffn_up": {
      "mse": 0.02573189477167882,
      "corr": 0.615765301548677,
      "max_err": 0.985385833385711,
      "coeffs": [
        -1.8145751246270172,
        1.1459216982167535,
        -0.5151669907478296,
        0.505352824852394,
        -0.30005467482507087,
        0.32835493622658607,
        -0.2127332199463441,
        0.24550836597662773
      ]
    },
    "ffn_down": {
      "mse": 0.023829765307838924,
      "corr": 0.5328546574217057,
      "max_err": 0.9869225883545975,
      "coeffs": [
        -1.938385703751996,
        1.1550494084919884,
        -0.5382912598671555,
        0.5111739544920693,
        -0.3123100550042972,
        0.3330079539383263,
        -0.22047899902814225,
        0.24904519625161797
      ]
    },
    "embedding": {
      "mse": 0.011592358774533748,
      "corr": 0.03337564799905701,
      "max_err": 0.9997907250872231,
      "coeffs": [
        -4.328833787388335,
        1.9143218504773074,
        -0.9049822043961667,
        0.8682796135670896,
        -0.5286418643806338,
        0.5821864333434007,
        -0.3700194557379097,
        0.4513843653868133
      ]
    }
  },
  "16": {
    "attention": {
      "mse": 0.028056729986142104,
      "corr": 0.917860648637085,
      "max_err": 0.9732990747504952,
      "coeffs": [
        -1.6275397061581143,
        1.3541020066530933,
        -0.6033103910636257,
        0.5894818297629867,
        -0.3607908196640315,
        0.3774990836277495,
        -0.2565015903796647,
        0.27947516145908824,
        -0.19906159452267644,
        0.22142831936068455,
        -0.16327709994749587,
        0.1834034424479848,
        -0.1381609751205546,
        0.15719120901091133,
        -0.11951717195706933,
        0.1374619116815994
      ]
    },
    "ffn_up": {
      "mse": 0.021401728933348612,
      "corr": 0.7845052681679733,
      "max_err": 0.985385833385711,
      "coeffs": [
        -1.81471845902027,
        1.145778363823502,
        -0.5153103251410821,
        0.5052094904591419,
        -0.30019800921832274,
        0.32821160183333403,
        -0.21287655433959585,
        0.2453650315833756,
        -0.16553235225518806,
        0.19678962185067983,
        -0.13620944110747912,
        0.16506077102064384,
        -0.11624965788498963,
        0.1428696200395612,
        -0.1018328518110309,
        0.12633177931144268
      ]
    },
    "ffn_down": {
      "mse": 0.01917772398507342,
      "corr": 0.7247895689866939,
      "max_err": 0.9869225883545975,
      "coeffs": [
        -1.9385256693498922,
        1.1549094428940936,
        -0.5384312254650513,
        0.5110339888941738,
        -0.3124500206021921,
        0.332867988340431,
        -0.22061896462603692,
        0.24890523065372258,
        -0.17114392813221949,
        0.20024166719485068,
        -0.14031527635609636,
        0.16809659534040566,
        -0.11917848045213582,
        0.14571577362170166,
        -0.10370483811793622,
        0.12890179086818773
      ]
    },
    "embedding": {
      "mse": 0.006690148222217471,
      "corr": 0.1960272478007312,
      "max_err": 0.9997907250872231,
      "coeffs": [
        -4.329305999844566,
        1.9138496380210788,
        -0.9054544168523966,
        0.8678074011108603,
        -0.529114076836862,
        0.5817142208871717,
        -0.3704916681941379,
        0.4509121529305839,
        -0.2804672443132002,
        0.37210670115446326,
        -0.22434242101498425,
        0.3178341615405586,
        -0.18563205160092006,
        0.27800030061649267,
        -0.15813605691921861,
        0.24707347657073866
      ]
    }
  },
  "32": {
    "attention": {
      "mse": 0.019256586576091115,
      "corr": 0.9619015552093874,
      "max_err": 0.8432591612699419,
      "coeffs": [
        -1.6276795375380098,
        1.3539621752731965,
        -0.603450222443521,
        0.5893419983830901,
        -0.3609306510439265,
        0.3773592522478531,
        -0.256641421759561,
        0.2793353300791922,
        -0.19920142590257214,
        0.221288487980789,
        -0.163416931327392,
        0.1832636110680891,
        -0.13830080650045132,
        0.1570513776310152,
        -0.11965700333696587,
        0.13732208030170298,
        -0.10586087357904984,
        0.12203014967332888,
        -0.09456895148539005,
        0.10998257912986453,
        -0.08553056537386225,
        0.10010727254519038,
        -0.07815542887314529,
        0.09198877780368787,
        -0.07182867130707915,
        0.08504985122819397,
        -0.06645402893472908,
        0.07906383864875635,
        -0.06190193758395297,
        0.07403281555068218,
        -0.057952876956939396,
        0.0696258513531442
      ]
    },
    "ffn_up": {
      "mse": 0.025940197929206352,
      "corr": 0.8898671512826055,
      "max_err": 0.985385833385711,