{
  "init_name": "ortho_s512",
  "final_ppl": 19233.791600300603,
  "elapsed": 7317.400754213333,
  "checkpoints": {
    "250": 31775.76221193751
  },
  "loss_samples": [
    10.820721626281738,
    10.691497802734375,
    10.5326247215271,
    10.428638935089111,
    10.257355213165283,
    10.017544031143188,
    9.7774178981781,
    9.421083927154541,
    9.18062448501587,
    8.807881593704224,
    8.40217661857605,
    8.10162091255188,
    7.978363037109375,
    7.720715165138245,
    7.484078288078308,
    7.5915879011154175,
    7.512055516242981,
    7.59481680393219,
    7.545530080795288,
    7.490473628044128,
    7.470312714576721,
    10.691049337387085,
    10.403320789337158,
    10.396015167236328,
    10.299220323562622,
    10.362902879714966,
    8.422349452972412,
    7.566355109214783,
    7.596489906311035,
    7.4320244789123535,
    7.414283394813538,
    7.760516405105591,
    9.302175521850586
  ],
  "grad_norm_samples": [
    3.3005764484405518,
    2.686002731323242,
    2.662424325942993,
    2.478668451309204,
    2.4391119480133057,
    2.5604398250579834,
    2.425715923309326,
    2.5977253913879395,
    2.5127511024475098,
    2.372136354446411,
    2.592986583709717,
    2.5553905963897705,
    2.0454258918762207,
    2.049098014831543,
    1.7769603729248047,
    0.9276950359344482,
    0.861762285232544,
    1.3552073240280151,
    0.8348970413208008,
    1.0731936693191528,
    949.3045043945312,
    457.4547119140625,
    196.69898986816406,
    194.2561798095703,
    193.5639190673828,
    2.9874002933502197,
    2.676723003387451,
    1.4779807329177856,
    1.1221376657485962,
    0.9352994561195374,
    321.7304992675781,
    279.37811279296875,
    204.198974609375
  ],
  "stopped_early": true,
  "seed": 512,
  "lr": 6.25e-05,
  "steps": 1000
}