{
  "method": "pretrained_extraction",
  "spectra_coeffs": {
    "attention": [
      -1.6274372988888444,
      1.354204413922363,
      -0.6032079837943555,
      0.5895842370322564,
      -0.36068841239476157,
      0.37760149089701905,
      -0.25639918311039556,
      0.27957756872835826
    ],
    "ffn_up": [
      -1.8145751246270172,
      1.1459216982167535,
      -0.5151669907478296,
      0.505352824852394,
      -0.30005467482507087,
      0.32835493622658607,
      -0.2127332199463441,
      0.24550836597662773
    ],
    "ffn_down": [
      -1.938385703751996,
      1.1550494084919884,
      -0.5382912598671555,
      0.5111739544920693,
      -0.3123100550042972,
      0.3330079539383263,
      -0.22047899902814225,
      0.24904519625161797
    ],
    "embedding": [
      -4.328833787388335,
      1.9143218504773074,
      -0.9049822043961667,
      0.8682796135670896,
      -0.5286418643806338,
      0.5821864333434007,
      -0.3700194557379097,
      0.4513843653868133
    ]
  },
  "group_frob_norms": {
    "attention": 138.03614234924316,
    "ffn_up": 199.2998301188151,
    "ffn_down": 184.56741841634116,
    "embedding": 497.58845138549805
  },
  "lam": 1.0,
  "description": "Spectra extracted from pretrained GPT-2 weights"
}