{
  "name": "spike_skip_50x",
  "final_ppl": 26312.909690261604,
  "elapsed": 283.2041699886322,
  "checkpoints": {},
  "grad_norm_samples": [
    7.24434757232666,
    7.028415679931641,
    7.369491100311279,
    5.824836254119873,
    4.911694049835205,
    4.752965927124023,
    5.071193695068359,
    4.71336030960083,
    5.21216344833374,
    4.752735614776611,
    4.4551682472229,
    4.263369560241699,
    3.803725242614746,
    4.189603805541992,
    3.7349891662597656,
    3.200289726257324,
    4.040867805480957,
    3.1635804176330566,
    3.3128747940063477,
    3.4676806926727295,
    2.8942790031433105,
    2.9887609481811523,
    3.209663152694702,
    3.3231663703918457,
    2.8607990741729736,
    2.807379722595215
  ],
  "seed": 42
}